index,timestamp,values,timeseries_name,incrementaltime_ns
0,2022-01-01 00:00:00,5.0,Oslo_temperature,1640995200000000000
1,2022-01-01 08:00:00,5.382608833523754,Oslo_temperature,1641024000000000000
2,2022-01-01 16:00:00,5.815891772139745,Oslo_temperature,1641052800000000000
3,2022-01-02 00:00:00,6.278042731591289,Oslo_temperature,1641081600000000000
4,2022-01-02 08:00:00,6.118856535369158,Oslo_temperature,1641110400000000000
5,2022-01-02 16:00:00,5.896573812597476,Oslo_temperature,1641139200000000000
6,2022-01-03 00:00:00,6.029075133645907,Oslo_temperature,1641168000000000000
7,2022-01-03 08:00:00,5.898951298292421,Oslo_temperature,1641196800000000000
8,2022-01-03 16:00:00,5.695978773800291,Oslo_temperature,1641225600000000000
9,2022-01-04 00:00:00,5.645979196231692,Oslo_temperature,1641254400000000000
10,2022-01-04 08:00:00,5.18417864423869,Oslo_temperature,1641283200000000000
11,2022-01-04 16:00:00,4.922525230356264,Oslo_temperature,1641312000000000000
12,2022-01-05 00:00:00,5.3611557683450926,Oslo_temperature,1641340800000000000
13,2022-01-05 08:00:00,5.116041595721899,Oslo_temperature,1641369600000000000
14,2022-01-05 16:00:00,4.992078426337552,Oslo_temperature,1641398400000000000
15,2022-01-06 00:00:00,5.061950451325502,Oslo_temperature,1641427200000000000
16,2022-01-06 08:00:00,4.788802883349077,Oslo_temperature,1641456000000000000
17,2022-01-06 16:00:00,4.315389036456248,Oslo_temperature,1641484800000000000
18,2022-01-07 00:00:00,4.328201278254095,Oslo_temperature,1641513600000000000
19,2022-01-07 08:00:00,4.221435801739325,Oslo_temperature,1641542400000000000
20,2022-01-07 16:00:00,4.558259336272977,Oslo_temperature,1641571200000000000
21,2022-01-08 00:00:00,4.154328556123633,Oslo_temperature,1641600000000000000
22,2022-01-08 08:00:00,4.526185150235635,Oslo_temperature,1641628800000000000
23,2022-01-08 16:00:00,4.289726122366586,Oslo_temperature,1641657600000000000
24,2022-01-09 00:00:00,3.7936403830592536,Oslo_temperature,1641686400000000000
25,2022-01-09 08:00:00,3.6056834195800436,Oslo_temperature,1641715200000000000
26,2022-01-09 16:00:00,3.5216118856882073,Oslo_temperature,1641744000000000000
27,2022-01-10 00:00:00,3.1790491736693998,Oslo_temperature,1641772800000000000
28,2022-01-10 08:00:00,3.1966808075119904,Oslo_temperature,1641801600000000000
29,2022-01-10 16:00:00,2.722729324758623,Oslo_temperature,1641830400000000000
30,2022-01-11 00:00:00,3.0918338448419767,Oslo_temperature,1641859200000000000
31,2022-01-11 08:00:00,2.8092993474872543,Oslo_temperature,1641888000000000000
32,2022-01-11 16:00:00,2.3174431339815427,Oslo_temperature,1641916800000000000
33,2022-01-12 00:00:00,2.2899311475915796,Oslo_temperature,1641945600000000000
34,2022-01-12 08:00:00,2.521343857659175,Oslo_temperature,1641974400000000000
35,2022-01-12 16:00:00,2.1801439928984747,Oslo_temperature,1642003200000000000
36,2022-01-13 00:00:00,1.9332582322766223,Oslo_temperature,1642032000000000000
37,2022-01-13 08:00:00,2.14284430561947,Oslo_temperature,1642060800000000000
38,2022-01-13 16:00:00,2.6364193942425893,Oslo_temperature,1642089600000000000
39,2022-01-14 00:00:00,3.1093864090057988,Oslo_temperature,1642118400000000000
40,2022-01-14 08:00:00,3.3652903815659734,Oslo_temperature,1642147200000000000
41,2022-01-14 16:00:00,3.217013809144269,Oslo_temperature,1642176000000000000
42,2022-01-15 00:00:00,3.6879433538783126,Oslo_temperature,1642204800000000000
43,2022-01-15 08:00:00,3.920733187755753,Oslo_temperature,1642233600000000000
44,2022-01-15 16:00:00,3.6503905918493986,Oslo_temperature,1642262400000000000
45,2022-01-16 00:00:00,3.9544064758362216,Oslo_temperature,1642291200000000000
46,2022-01-16 08:00:00,4.336788515386747,Oslo_temperature,1642320000000000000
47,2022-01-16 16:00:00,4.148114443857307,Oslo_temperature,1642348800000000000
48,2022-01-17 00:00:00,4.444980832617507,Oslo_temperature,1642377600000000000
49,2022-01-17 08:00:00,4.581746242871216,Oslo_temperature,1642406400000000000
50,2022-01-17 16:00:00,4.916046634059021,Oslo_temperature,1642435200000000000
51,2022-01-18 00:00:00,5.0487839632609095,Oslo_temperature,1642464000000000000
52,2022-01-18 08:00:00,4.985694843382614,Oslo_temperature,1642492800000000000
53,2022-01-18 16:00:00,5.386968420390163,Oslo_temperature,1642521600000000000
54,2022-01-19 00:00:00,5.184478160125484,Oslo_temperature,1642550400000000000
55,2022-01-19 08:00:00,5.245586831329456,Oslo_temperature,1642579200000000000
56,2022-01-19 16:00:00,5.151348297412212,Oslo_temperature,1642608000000000000
57,2022-01-20 00:00:00,5.557403890389364,Oslo_temperature,1642636800000000000
58,2022-01-20 08:00:00,5.93147522383552,Oslo_temperature,1642665600000000000
59,2022-01-20 16:00:00,5.688062289876469,Oslo_temperature,1642694400000000000
60,2022-01-21 00:00:00,5.3854644695281,Oslo_temperature,1642723200000000000
61,2022-01-21 08:00:00,5.727357630481874,Oslo_temperature,1642752000000000000
62,2022-01-21 16:00:00,5.433718599132958,Oslo_temperature,1642780800000000000
63,2022-01-22 00:00:00,5.51241289934879,Oslo_temperature,1642809600000000000
64,2022-01-22 08:00:00,5.232077776832383,Oslo_temperature,1642838400000000000
65,2022-01-22 16:00:00,5.583331793839945,Oslo_temperature,1642867200000000000
66,2022-01-23 00:00:00,5.144979512304795,Oslo_temperature,1642896000000000000
67,2022-01-23 08:00:00,5.143986103854128,Oslo_temperature,1642924800000000000
68,2022-01-23 16:00:00,4.88185932140116,Oslo_temperature,1642953600000000000
69,2022-01-24 00:00:00,5.315668358862782,Oslo_temperature,1642982400000000000
70,2022-01-24 08:00:00,5.175405514084812,Oslo_temperature,1643011200000000000
71,2022-01-24 16:00:00,5.391388649026326,Oslo_temperature,1643040000000000000
72,2022-01-25 00:00:00,5.717874968339395,Oslo_temperature,1643068800000000000
73,2022-01-25 08:00:00,5.959907918919911,Oslo_temperature,1643097600000000000
74,2022-01-25 16:00:00,6.2467172179634325,Oslo_temperature,1643126400000000000
75,2022-01-26 00:00:00,6.644137950797801,Oslo_temperature,1643155200000000000
76,2022-01-26 08:00:00,6.35542981262903,Oslo_temperature,1643184000000000000
77,2022-01-26 16:00:00,6.836733074528077,Oslo_temperature,1643212800000000000
78,2022-01-27 00:00:00,6.603625068354028,Oslo_temperature,1643241600000000000
79,2022-01-27 08:00:00,6.9231724342002305,Oslo_temperature,1643270400000000000
80,2022-01-27 16:00:00,7.309875424171515,Oslo_temperature,1643299200000000000
81,2022-01-28 00:00:00,7.802703707471834,Oslo_temperature,1643328000000000000
82,2022-01-28 08:00:00,7.539381681845294,Oslo_temperature,1643356800000000000
83,2022-01-28 16:00:00,7.818317622088321,Oslo_temperature,1643385600000000000
84,2022-01-29 00:00:00,7.84365556607012,Oslo_temperature,1643414400000000000
85,2022-01-29 08:00:00,7.982928426131445,Oslo_temperature,1643443200000000000
86,2022-01-29 16:00:00,7.838616003545205,Oslo_temperature,1643472000000000000
87,2022-01-30 00:00:00,7.42628741298546,Oslo_temperature,1643500800000000000
88,2022-01-30 08:00:00,7.035418604275002,Oslo_temperature,1643529600000000000
89,2022-01-30 16:00:00,6.612830642938272,Oslo_temperature,1643558400000000000
90,2022-01-01 00:00:00,1013.6873956806202,Oslo_pressure,1640995200000000000
91,2022-01-01 08:00:00,1013.6974865965857,Oslo_pressure,1641024000000000000
92,2022-01-01 16:00:00,1013.4248400459917,Oslo_pressure,1641052800000000000
93,2022-01-02 00:00:00,1013.0733997759859,Oslo_pressure,1641081600000000000
94,2022-01-02 08:00:00,1013.558533985593,Oslo_pressure,1641110400000000000
95,2022-01-02 16:00:00,1013.8309172815287,Oslo_pressure,1641139200000000000
96,2022-01-03 00:00:00,1013.5238169856095,Oslo_pressure,1641168000000000000
97,2022-01-03 08:00:00,1013.648370105138,Oslo_pressure,1641196800000000000
98,2022-01-03 16:00:00,1013.3103462711109,Oslo_pressure,1641225600000000000
99,2022-01-04 00:00:00,1013.9928171654313,Oslo_pressure,1641254400000000000
100,2022-01-04 08:00:00,1013.8305387277125,Oslo_pressure,1641283200000000000
101,2022-01-04 16:00:00,1013.1013377605561,Oslo_pressure,1641312000000000000
102,2022-01-05 00:00:00,1013.9421353679933,Oslo_pressure,1641340800000000000
103,2022-01-05 08:00:00,1013.7135839155223,Oslo_pressure,1641369600000000000
104,2022-01-05 16:00:00,1013.7332005502632,Oslo_pressure,1641398400000000000
105,2022-01-06 00:00:00,1013.1378926194334,Oslo_pressure,1641427200000000000
106,2022-01-06 08:00:00,1013.3526666382983,Oslo_pressure,1641456000000000000
107,2022-01-06 16:00:00,1013.0685193086691,Oslo_pressure,1641484800000000000
108,2022-01-07 00:00:00,1013.1805949642314,Oslo_pressure,1641513600000000000
109,2022-01-07 08:00:00,1013.1471597163544,Oslo_pressure,1641542400000000000
110,2022-01-07 16:00:00,1013.5117986134958,Oslo_pressure,1641571200000000000
111,2022-01-08 00:00:00,1013.9594120944298,Oslo_pressure,1641600000000000000
112,2022-01-08 08:00:00,1013.3684107236348,Oslo_pressure,1641628800000000000
113,2022-01-08 16:00:00,1013.6817961138019,Oslo_pressure,1641657600000000000
114,2022-01-09 00:00:00,1013.8238933821183,Oslo_pressure,1641686400000000000
115,2022-01-09 08:00:00,1013.2450623259147,Oslo_pressure,1641715200000000000
116,2022-01-09 16:00:00,1013.773819266731,Oslo_pressure,1641744000000000000
117,2022-01-10 00:00:00,1013.8780827370114,Oslo_pressure,1641772800000000000
118,2022-01-10 08:00:00,1013.2861560343699,Oslo_pressure,1641801600000000000
119,2022-01-10 16:00:00,1013.760376385967,Oslo_pressure,1641830400000000000
120,2022-01-11 00:00:00,1013.7259688772655,Oslo_pressure,1641859200000000000
121,2022-01-11 08:00:00,1013.5583809212566,Oslo_pressure,1641888000000000000
122,2022-01-11 16:00:00,1013.0082787054818,Oslo_pressure,1641916800000000000
123,2022-01-12 00:00:00,1013.8211937665433,Oslo_pressure,1641945600000000000
124,2022-01-12 08:00:00,1013.9781984594359,Oslo_pressure,1641974400000000000
125,2022-01-12 16:00:00,1013.3057034753822,Oslo_pressure,1642003200000000000
126,2022-01-13 00:00:00,1013.9435888040264,Oslo_pressure,1642032000000000000
127,2022-01-13 08:00:00,1013.1713092391747,Oslo_pressure,1642060800000000000
128,2022-01-13 16:00:00,1013.3215416363776,Oslo_pressure,1642089600000000000
129,2022-01-14 00:00:00,1013.3588287086461,Oslo_pressure,1642118400000000000
130,2022-01-14 08:00:00,1013.8811829678307,Oslo_pressure,1642147200000000000
131,2022-01-14 16:00:00,1013.5348088954394,Oslo_pressure,1642176000000000000
132,2022-01-15 00:00:00,1013.5865344347839,Oslo_pressure,1642204800000000000
133,2022-01-15 08:00:00,1013.5503881761247,Oslo_pressure,1642233600000000000
134,2022-01-15 16:00:00,1013.8253749859778,Oslo_pressure,1642262400000000000
135,2022-01-16 00:00:00,1013.4559052994477,Oslo_pressure,1642291200000000000
136,2022-01-16 08:00:00,1013.9757887260936,Oslo_pressure,1642320000000000000
137,2022-01-16 16:00:00,1013.1719011128741,Oslo_pressure,1642348800000000000
138,2022-01-17 00:00:00,1013.9089893623877,Oslo_pressure,1642377600000000000
139,2022-01-17 08:00:00,1013.0790236088054,Oslo_pressure,1642406400000000000
140,2022-01-17 16:00:00,1013.1085588255311,Oslo_pressure,1642435200000000000
141,2022-01-18 00:00:00,1013.6401047990224,Oslo_pressure,1642464000000000000
142,2022-01-18 08:00:00,1013.8869466777414,Oslo_pressure,1642492800000000000
143,2022-01-18 16:00:00,1013.655879801773,Oslo_pressure,1642521600000000000
144,2022-01-19 00:00:00,1013.6208885733071,Oslo_pressure,1642550400000000000
145,2022-01-19 08:00:00,1013.7126378415218,Oslo_pressure,1642579200000000000
146,2022-01-19 16:00:00,1013.4420830457092,Oslo_pressure,1642608000000000000
147,2022-01-20 00:00:00,1013.6707000694703,Oslo_pressure,1642636800000000000
148,2022-01-20 08:00:00,1013.4811524039633,Oslo_pressure,1642665600000000000
149,2022-01-20 16:00:00,1013.0137771227724,Oslo_pressure,1642694400000000000
150,2022-01-21 00:00:00,1013.032538236356,Oslo_pressure,1642723200000000000
151,2022-01-21 08:00:00,1013.9611928838993,Oslo_pressure,1642752000000000000
152,2022-01-21 16:00:00,1013.6803421298522,Oslo_pressure,1642780800000000000
153,2022-01-22 00:00:00,1013.0706700903079,Oslo_pressure,1642809600000000000
154,2022-01-22 08:00:00,1013.2691150147824,Oslo_pressure,1642838400000000000
155,2022-01-22 16:00:00,1013.9080805887993,Oslo_pressure,1642867200000000000
156,2022-01-23 00:00:00,1013.2027932725529,Oslo_pressure,1642896000000000000
157,2022-01-23 08:00:00,1013.7389861140927,Oslo_pressure,1642924800000000000
158,2022-01-23 16:00:00,1013.3838753447657,Oslo_pressure,1642953600000000000
159,2022-01-24 00:00:00,1013.4997982304908,Oslo_pressure,1642982400000000000
160,2022-01-24 08:00:00,1013.2704165178833,Oslo_pressure,1643011200000000000
161,2022-01-24 16:00:00,1013.5634704325864,Oslo_pressure,1643040000000000000
162,2022-01-25 00:00:00,1013.3106812697024,Oslo_pressure,1643068800000000000
163,2022-01-25 08:00:00,1013.0559387129572,Oslo_pressure,1643097600000000000
164,2022-01-25 16:00:00,1013.6355126775672,Oslo_pressure,1643126400000000000
165,2022-01-26 00:00:00,1013.1459573519862,Oslo_pressure,1643155200000000000
166,2022-01-26 08:00:00,1013.6772282806463,Oslo_pressure,1643184000000000000
167,2022-01-26 16:00:00,1013.8547956740468,Oslo_pressure,1643212800000000000
168,2022-01-27 00:00:00,1013.1991634217353,Oslo_pressure,1643241600000000000
169,2022-01-27 08:00:00,1013.2697734191783,Oslo_pressure,1643270400000000000
170,2022-01-27 16:00:00,1013.2565953489702,Oslo_pressure,1643299200000000000
171,2022-01-28 00:00:00,1013.0705336548696,Oslo_pressure,1643328000000000000
172,2022-01-28 08:00:00,1013.6008933890379,Oslo_pressure,1643356800000000000
173,2022-01-28 16:00:00,1013.1686681669163,Oslo_pressure,1643385600000000000
174,2022-01-29 00:00:00,1013.0879427907861,Oslo_pressure,1643414400000000000
175,2022-01-29 08:00:00,1013.4659303770377,Oslo_pressure,1643443200000000000
176,2022-01-29 16:00:00,1013.3824011857295,Oslo_pressure,1643472000000000000
177,2022-01-30 00:00:00,1013.7672002274248,Oslo_pressure,1643500800000000000
178,2022-01-30 08:00:00,1013.4976104321366,Oslo_pressure,1643529600000000000
179,2022-01-30 16:00:00,1013.8468492204343,Oslo_pressure,1643558400000000000
180,2022-01-01 00:00:00,12.921820766477264,Stavanger_temperature,1640995200000000000
181,2022-01-01 08:00:00,13.274560828525821,Stavanger_temperature,1641024000000000000
182,2022-01-01 16:00:00,13.22561926527324,Stavanger_temperature,1641052800000000000
183,2022-01-02 00:00:00,13.725151567996882,Stavanger_temperature,1641081600000000000
184,2022-01-02 08:00:00,14.155604941243018,Stavanger_temperature,1641110400000000000
185,2022-01-02 16:00:00,14.401719932241138,Stavanger_temperature,1641139200000000000
186,2022-01-03 00:00:00,14.626092678758514,Stavanger_temperature,1641168000000000000
187,2022-01-03 08:00:00,14.736170546199457,Stavanger_temperature,1641196800000000000
188,2022-01-03 16:00:00,14.881477671682074,Stavanger_temperature,1641225600000000000
189,2022-01-04 00:00:00,15.265408590794463,Stavanger_temperature,1641254400000000000
190,2022-01-04 08:00:00,15.2787869481621,Stavanger_temperature,1641283200000000000
191,2022-01-04 16:00:00,15.498307388837656,Stavanger_temperature,1641312000000000000
192,2022-01-05 00:00:00,15.089977476892537,Stavanger_temperature,1641340800000000000
193,2022-01-05 08:00:00,15.074835299695014,Stavanger_temperature,1641369600000000000
194,2022-01-05 16:00:00,15.526779395793506,Stavanger_temperature,1641398400000000000
195,2022-01-06 00:00:00,15.630767598060263,Stavanger_temperature,1641427200000000000
196,2022-01-06 08:00:00,15.812955861794723,Stavanger_temperature,1641456000000000000
197,2022-01-06 16:00:00,15.674894280924185,Stavanger_temperature,1641484800000000000
198,2022-01-07 00:00:00,15.784828584626775,Stavanger_temperature,1641513600000000000
199,2022-01-07 08:00:00,15.660706595970055,Stavanger_temperature,1641542400000000000
200,2022-01-07 16:00:00,15.385844916718318,Stavanger_temperature,1641571200000000000
201,2022-01-08 00:00:00,15.059581025599543,Stavanger_temperature,1641600000000000000
202,2022-01-08 08:00:00,14.951089743488286,Stavanger_temperature,1641628800000000000
203,2022-01-08 16:00:00,14.751687745626729,Stavanger_temperature,1641657600000000000
204,2022-01-09 00:00:00,14.330316824088968,Stavanger_temperature,1641686400000000000
205,2022-01-09 08:00:00,14.65079972179319,Stavanger_temperature,1641715200000000000
206,2022-01-09 16:00:00,14.785146116340341,Stavanger_temperature,1641744000000000000
207,2022-01-10 00:00:00,14.600051521763875,Stavanger_temperature,1641772800000000000
208,2022-01-10 08:00:00,14.856509186345818,Stavanger_temperature,1641801600000000000
209,2022-01-10 16:00:00,14.451848245428621,Stavanger_temperature,1641830400000000000
210,2022-01-11 00:00:00,14.175944375247717,Stavanger_temperature,1641859200000000000
211,2022-01-11 08:00:00,14.342700476501026,Stavanger_temperature,1641888000000000000
212,2022-01-11 16:00:00,14.584446031488632,Stavanger_temperature,1641916800000000000
213,2022-01-12 00:00:00,14.99978786196378,Stavanger_temperature,1641945600000000000
214,2022-01-12 08:00:00,14.65537941244405,Stavanger_temperature,1641974400000000000
215,2022-01-12 16:00:00,14.369018121663604,Stavanger_temperature,1642003200000000000
216,2022-01-13 00:00:00,14.275176588123566,Stavanger_temperature,1642032000000000000
217,2022-01-13 08:00:00,13.797636200120898,Stavanger_temperature,1642060800000000000
218,2022-01-13 16:00:00,14.25749969706952,Stavanger_temperature,1642089600000000000
219,2022-01-14 00:00:00,14.09340021671317,Stavanger_temperature,1642118400000000000
220,2022-01-14 08:00:00,14.279817980020525,Stavanger_temperature,1642147200000000000
221,2022-01-14 16:00:00,13.968054951165877,Stavanger_temperature,1642176000000000000
222,2022-01-15 00:00:00,14.022885354180213,Stavanger_temperature,1642204800000000000
223,2022-01-15 08:00:00,14.015619970019566,Stavanger_temperature,1642233600000000000
224,2022-01-15 16:00:00,14.293362595286473,Stavanger_temperature,1642262400000000000
225,2022-01-16 00:00:00,14.280056995988973,Stavanger_temperature,1642291200000000000
226,2022-01-16 08:00:00,14.297918151805549,Stavanger_temperature,1642320000000000000
227,2022-01-16 16:00:00,14.033332761153861,Stavanger_temperature,1642348800000000000
228,2022-01-17 00:00:00,14.277784863823197,Stavanger_temperature,1642377600000000000
229,2022-01-17 08:00:00,14.216781427986254,Stavanger_temperature,1642406400000000000
230,2022-01-17 16:00:00,13.749465289013667,Stavanger_temperature,1642435200000000000
231,2022-01-18 00:00:00,13.982891018021938,Stavanger_temperature,1642464000000000000
232,2022-01-18 08:00:00,13.743720250436736,Stavanger_temperature,1642492800000000000
233,2022-01-18 16:00:00,14.09385720747611,Stavanger_temperature,1642521600000000000
234,2022-01-19 00:00:00,14.486595206659743,Stavanger_temperature,1642550400000000000
235,2022-01-19 08:00:00,14.757616710018594,Stavanger_temperature,1642579200000000000
236,2022-01-19 16:00:00,15.175255912075722,Stavanger_temperature,1642608000000000000
237,2022-01-20 00:00:00,14.922514445491032,Stavanger_temperature,1642636800000000000
238,2022-01-20 08:00:00,14.606502832908527,Stavanger_temperature,1642665600000000000
239,2022-01-20 16:00:00,14.255671319504309,Stavanger_temperature,1642694400000000000
240,2022-01-21 00:00:00,14.56949572469313,Stavanger_temperature,1642723200000000000
241,2022-01-21 08:00:00,14.60918907597424,Stavanger_temperature,1642752000000000000
242,2022-01-21 16:00:00,14.190448303561768,Stavanger_temperature,1642780800000000000
243,2022-01-22 00:00:00,14.344739440413878,Stavanger_temperature,1642809600000000000
244,2022-01-22 08:00:00,14.70129526733459,Stavanger_temperature,1642838400000000000
245,2022-01-22 16:00:00,14.40117415495982,Stavanger_temperature,1642867200000000000
246,2022-01-23 00:00:00,14.634258926989387,Stavanger_temperature,1642896000000000000
247,2022-01-23 08:00:00,14.866028636449023,Stavanger_temperature,1642924800000000000
248,2022-01-23 16:00:00,14.912669526427852,Stavanger_temperature,1642953600000000000
249,2022-01-24 00:00:00,14.743031025927628,Stavanger_temperature,1642982400000000000
250,2022-01-24 08:00:00,14.317819553393008,Stavanger_temperature,1643011200000000000
251,2022-01-24 16:00:00,14.79508412442879,Stavanger_temperature,1643040000000000000
252,2022-01-25 00:00:00,15.294405721304717,Stavanger_temperature,1643068800000000000
253,2022-01-25 08:00:00,14.971691394604134,Stavanger_temperature,1643097600000000000
254,2022-01-25 16:00:00,14.856393480906274,Stavanger_temperature,1643126400000000000
255,2022-01-26 00:00:00,14.873800041843158,Stavanger_temperature,1643155200000000000
256,2022-01-26 08:00:00,14.973065778120874,Stavanger_temperature,1643184000000000000
257,2022-01-26 16:00:00,14.848919870341879,Stavanger_temperature,1643212800000000000
258,2022-01-27 00:00:00,14.832209190669712,Stavanger_temperature,1643241600000000000
259,2022-01-27 08:00:00,15.250629200412101,Stavanger_temperature,1643270400000000000
260,2022-01-27 16:00:00,14.753145831930413,Stavanger_temperature,1643299200000000000
261,2022-01-28 00:00:00,14.712810793788952,Stavanger_temperature,1643328000000000000
262,2022-01-28 08:00:00,14.47601324256143,Stavanger_temperature,1643356800000000000
263,2022-01-28 16:00:00,14.194187123076635,Stavanger_temperature,1643385600000000000
264,2022-01-29 00:00:00,13.930913920429692,Stavanger_temperature,1643414400000000000
265,2022-01-29 08:00:00,14.298902124797566,Stavanger_temperature,1643443200000000000
266,2022-01-29 16:00:00,14.526625956156472,Stavanger_temperature,1643472000000000000
267,2022-01-30 00:00:00,14.271904034955298,Stavanger_temperature,1643500800000000000
268,2022-01-30 08:00:00,13.816053453244853,Stavanger_temperature,1643529600000000000
269,2022-01-30 16:00:00,13.320106894245217,Stavanger_temperature,1643558400000000000
270,2022-01-01 00:00:00,1013.3999491252441,Stavanger_pressure,1640995200000000000
271,2022-01-01 08:00:00,1013.7679250030047,Stavanger_pressure,1641024000000000000
272,2022-01-01 16:00:00,1013.4703522084471,Stavanger_pressure,1641052800000000000
273,2022-01-02 00:00:00,1013.005720453407,Stavanger_pressure,1641081600000000000
274,2022-01-02 08:00:00,1013.4869775679556,Stavanger_pressure,1641110400000000000
275,2022-01-02 16:00:00,1013.0874311357205,Stavanger_pressure,1641139200000000000
276,2022-01-03 00:00:00,1013.5878122283987,Stavanger_pressure,1641168000000000000
277,2022-01-03 08:00:00,1013.7311118130157,Stavanger_pressure,1641196800000000000
278,2022-01-03 16:00:00,1013.5702125197195,Stavanger_pressure,1641225600000000000
279,2022-01-04 00:00:00,1013.698154685852,Stavanger_pressure,1641254400000000000
280,2022-01-04 08:00:00,1013.3349755187635,Stavanger_pressure,1641283200000000000
281,2022-01-04 16:00:00,1013.7351547572728,Stavanger_pressure,1641312000000000000
282,2022-01-05 00:00:00,1013.4418158420556,Stavanger_pressure,1641340800000000000
283,2022-01-05 08:00:00,1013.3822215098504,Stavanger_pressure,1641369600000000000
284,2022-01-05 16:00:00,1013.9216725845207,Stavanger_pressure,1641398400000000000
285,2022-01-06 00:00:00,1013.5188428291997,Stavanger_pressure,1641427200000000000
286,2022-01-06 08:00:00,1013.1600665648053,Stavanger_pressure,1641456000000000000
287,2022-01-06 16:00:00,1013.2548688382677,Stavanger_pressure,1641484800000000000
288,2022-01-07 00:00:00,1013.3632079146956,Stavanger_pressure,1641513600000000000
289,2022-01-07 08:00:00,1013.5059972981511,Stavanger_pressure,1641542400000000000
290,2022-01-07 16:00:00,1013.3936353738014,Stavanger_pressure,1641571200000000000
291,2022-01-08 00:00:00,1013.2953854564175,Stavanger_pressure,1641600000000000000
292,2022-01-08 08:00:00,1013.6999386881761,Stavanger_pressure,1641628800000000000
293,2022-01-08 16:00:00,1013.543911837887,Stavanger_pressure,1641657600000000000
294,2022-01-09 00:00:00,1013.2800783189185,Stavanger_pressure,1641686400000000000
295,2022-01-09 08:00:00,1013.5509191456383,Stavanger_pressure,1641715200000000000
296,2022-01-09 16:00:00,1013.8243714660302,Stavanger_pressure,1641744000000000000
297,2022-01-10 00:00:00,1013.5919250081981,Stavanger_pressure,1641772800000000000
298,2022-01-10 08:00:00,1013.8245394333599,Stavanger_pressure,1641801600000000000
299,2022-01-10 16:00:00,1013.1142880839824,Stavanger_pressure,1641830400000000000
300,2022-01-11 00:00:00,1013.9148946020598,Stavanger_pressure,1641859200000000000
301,2022-01-11 08:00:00,1013.1024764782054,Stavanger_pressure,1641888000000000000
302,2022-01-11 16:00:00,1013.6249888660224,Stavanger_pressure,1641916800000000000
303,2022-01-12 00:00:00,1013.3236080467626,Stavanger_pressure,1641945600000000000
304,2022-01-12 08:00:00,1013.36483293443,Stavanger_pressure,1641974400000000000
305,2022-01-12 16:00:00,1013.3918607823532,Stavanger_pressure,1642003200000000000
306,2022-01-13 00:00:00,1013.1204291945814,Stavanger_pressure,1642032000000000000
307,2022-01-13 08:00:00,1013.3780893770313,Stavanger_pressure,1642060800000000000
308,2022-01-13 16:00:00,1013.0304679426358,Stavanger_pressure,1642089600000000000
309,2022-01-14 00:00:00,1013.1890484265649,Stavanger_pressure,1642118400000000000
310,2022-01-14 08:00:00,1013.5187807516967,Stavanger_pressure,1642147200000000000
311,2022-01-14 16:00:00,1013.3113276202378,Stavanger_pressure,1642176000000000000
312,2022-01-15 00:00:00,1013.8500903797132,Stavanger_pressure,1642204800000000000
313,2022-01-15 08:00:00,1013.0061154429661,Stavanger_pressure,1642233600000000000
314,2022-01-15 16:00:00,1013.3214065335095,Stavanger_pressure,1642262400000000000
315,2022-01-16 00:00:00,1013.9045643199836,Stavanger_pressure,1642291200000000000
316,2022-01-16 08:00:00,1013.8100302160897,Stavanger_pressure,1642320000000000000
317,2022-01-16 16:00:00,1013.3611145918177,Stavanger_pressure,1642348800000000000
318,2022-01-17 00:00:00,1013.3943660667577,Stavanger_pressure,1642377600000000000
319,2022-01-17 08:00:00,1013.8422036365195,Stavanger_pressure,1642406400000000000
320,2022-01-17 16:00:00,1013.7566954354306,Stavanger_pressure,1642435200000000000
321,2022-01-18 00:00:00,1013.1421967757508,Stavanger_pressure,1642464000000000000
322,2022-01-18 08:00:00,1013.8730478948806,Stavanger_pressure,1642492800000000000
323,2022-01-18 16:00:00,1013.0824229329662,Stavanger_pressure,1642521600000000000
324,2022-01-19 00:00:00,1013.2368608093266,Stavanger_pressure,1642550400000000000
325,2022-01-19 08:00:00,1013.0289197950393,Stavanger_pressure,1642579200000000000
326,2022-01-19 16:00:00,1013.4300809232797,Stavanger_pressure,1642608000000000000
327,2022-01-20 00:00:00,1013.0319195386526,Stavanger_pressure,1642636800000000000
328,2022-01-20 08:00:00,1013.5053150848838,Stavanger_pressure,1642665600000000000
329,2022-01-20 16:00:00,1013.7986605859214,Stavanger_pressure,1642694400000000000
330,2022-01-21 00:00:00,1013.8921231302816,Stavanger_pressure,1642723200000000000
331,2022-01-21 08:00:00,1013.7685793649127,Stavanger_pressure,1642752000000000000
332,2022-01-21 16:00:00,1013.3027252379691,Stavanger_pressure,1642780800000000000
333,2022-01-22 00:00:00,1013.803503772529,Stavanger_pressure,1642809600000000000
334,2022-01-22 08:00:00,1013.9022326084379,Stavanger_pressure,1642838400000000000
335,2022-01-22 16:00:00,1013.5520800794192,Stavanger_pressure,1642867200000000000
336,2022-01-23 00:00:00,1013.0240321737081,Stavanger_pressure,1642896000000000000
337,2022-01-23 08:00:00,1013.2892066751449,Stavanger_pressure,1642924800000000000
338,2022-01-23 16:00:00,1013.4535206371439,Stavanger_pressure,1642953600000000000
339,2022-01-24 00:00:00,1013.7800121046957,Stavanger_pressure,1642982400000000000
340,2022-01-24 08:00:00,1013.447046041349,Stavanger_pressure,1643011200000000000
341,2022-01-24 16:00:00,1013.2246047616993,Stavanger_pressure,1643040000000000000
342,2022-01-25 00:00:00,1013.7834373196124,Stavanger_pressure,1643068800000000000
343,2022-01-25 08:00:00,1013.000574609245,Stavanger_pressure,1643097600000000000
344,2022-01-25 16:00:00,1013.0562551309005,Stavanger_pressure,1643126400000000000
345,2022-01-26 00:00:00,1013.4153274551244,Stavanger_pressure,1643155200000000000
346,2022-01-26 08:00:00,1013.8251869502341,Stavanger_pressure,1643184000000000000
347,2022-01-26 16:00:00,1013.8694482969875,Stavanger_pressure,1643212800000000000
348,2022-01-27 00:00:00,1013.1325108186073,Stavanger_pressure,1643241600000000000
349,2022-01-27 08:00:00,1013.6832695343177,Stavanger_pressure,1643270400000000000
350,2022-01-27 16:00:00,1013.2127411538954,Stavanger_pressure,1643299200000000000
351,2022-01-28 00:00:00,1013.8885532016567,Stavanger_pressure,1643328000000000000
352,2022-01-28 08:00:00,1013.3674188967825,Stavanger_pressure,1643356800000000000
353,2022-01-28 16:00:00,1013.9976094607457,Stavanger_pressure,1643385600000000000
354,2022-01-29 00:00:00,1013.2143550972038,Stavanger_pressure,1643414400000000000
355,2022-01-29 08:00:00,1013.3206184885624,Stavanger_pressure,1643443200000000000
356,2022-01-29 16:00:00,1013.6028252247404,Stavanger_pressure,1643472000000000000
357,2022-01-30 00:00:00,1013.4086109343797,Stavanger_pressure,1643500800000000000
358,2022-01-30 08:00:00,1013.9595980820296,Stavanger_pressure,1643529600000000000
359,2022-01-30 16:00:00,1013.8873961327197,Stavanger_pressure,1643558400000000000
360,2022-01-01 00:00:00,22.742023890345294,Tokyo_temperature,1640995200000000000
361,2022-01-01 08:00:00,22.503091032359453,Tokyo_temperature,1641024000000000000
362,2022-01-01 16:00:00,22.336670199202008,Tokyo_temperature,1641052800000000000
363,2022-01-02 00:00:00,22.03894623611848,Tokyo_temperature,1641081600000000000
364,2022-01-02 08:00:00,22.360746488178034,Tokyo_temperature,1641110400000000000
365,2022-01-02 16:00:00,22.277961551828927,Tokyo_temperature,1641139200000000000
366,2022-01-03 00:00:00,21.950433038505764,Tokyo_temperature,1641168000000000000
367,2022-01-03 08:00:00,21.68896530930044,Tokyo_temperature,1641196800000000000
368,2022-01-03 16:00:00,21.401435022586682,Tokyo_temperature,1641225600000000000
369,2022-01-04 00:00:00,21.705881244299103,Tokyo_temperature,1641254400000000000
370,2022-01-04 08:00:00,22.084673452969817,Tokyo_temperature,1641283200000000000
371,2022-01-04 16:00:00,21.926974970142187,Tokyo_temperature,1641312000000000000
372,2022-01-05 00:00:00,22.235393958367876,Tokyo_temperature,1641340800000000000
373,2022-01-05 08:00:00,22.394213573002126,Tokyo_temperature,1641369600000000000
374,2022-01-05 16:00:00,22.72291011073225,Tokyo_temperature,1641398400000000000
375,2022-01-06 00:00:00,22.80985051316217,Tokyo_temperature,1641427200000000000
376,2022-01-06 08:00:00,22.70327301201938,Tokyo_temperature,1641456000000000000
377,2022-01-06 16:00:00,22.385452080540237,Tokyo_temperature,1641484800000000000
378,2022-01-07 00:00:00,22.18890849892644,Tokyo_temperature,1641513600000000000
379,2022-01-07 08:00:00,21.836840559156943,Tokyo_temperature,1641542400000000000
380,2022-01-07 16:00:00,22.177389030224415,Tokyo_temperature,1641571200000000000
381,2022-01-08 00:00:00,21.87952640141982,Tokyo_temperature,1641600000000000000
382,2022-01-08 08:00:00,21.932616756570628,Tokyo_temperature,1641628800000000000
383,2022-01-08 16:00:00,21.448601295263703,Tokyo_temperature,1641657600000000000
384,2022-01-09 00:00:00,21.67347749536778,Tokyo_temperature,1641686400000000000
385,2022-01-09 08:00:00,21.907074736654312,Tokyo_temperature,1641715200000000000
386,2022-01-09 16:00:00,22.018225182224736,Tokyo_temperature,1641744000000000000
387,2022-01-10 00:00:00,22.425882347216085,Tokyo_temperature,1641772800000000000
388,2022-01-10 08:00:00,22.059231016036208,Tokyo_temperature,1641801600000000000
389,2022-01-10 16:00:00,22.112895750409237,Tokyo_temperature,1641830400000000000
390,2022-01-11 00:00:00,21.78908121451313,Tokyo_temperature,1641859200000000000
391,2022-01-11 08:00:00,21.91792274056606,Tokyo_temperature,1641888000000000000
392,2022-01-11 16:00:00,22.392923348836153,Tokyo_temperature,1641916800000000000
393,2022-01-12 00:00:00,22.358851987114356,Tokyo_temperature,1641945600000000000
394,2022-01-12 08:00:00,22.36683967994279,Tokyo_temperature,1641974400000000000
395,2022-01-12 16:00:00,22.487029726713015,Tokyo_temperature,1642003200000000000
396,2022-01-13 00:00:00,22.742965745825966,Tokyo_temperature,1642032000000000000
397,2022-01-13 08:00:00,22.627791996979244,Tokyo_temperature,1642060800000000000
398,2022-01-13 16:00:00,22.799608493901523,Tokyo_temperature,1642089600000000000
399,2022-01-14 00:00:00,23.23007257826643,Tokyo_temperature,1642118400000000000
400,2022-01-14 08:00:00,23.62693868583782,Tokyo_temperature,1642147200000000000
401,2022-01-14 16:00:00,24.04182619285098,Tokyo_temperature,1642176000000000000
402,2022-01-15 00:00:00,24.4743879763613,Tokyo_temperature,1642204800000000000
403,2022-01-15 08:00:00,24.736357902115945,Tokyo_temperature,1642233600000000000
404,2022-01-15 16:00:00,24.931778797332985,Tokyo_temperature,1642262400000000000
405,2022-01-16 00:00:00,25.423815467973757,Tokyo_temperature,1642291200000000000
406,2022-01-16 08:00:00,25.144309504014004,Tokyo_temperature,1642320000000000000
407,2022-01-16 16:00:00,25.443762945343767,Tokyo_temperature,1642348800000000000
408,2022-01-17 00:00:00,25.392304192621737,Tokyo_temperature,1642377600000000000
409,2022-01-17 08:00:00,25.861677551265977,Tokyo_temperature,1642406400000000000
410,2022-01-17 16:00:00,25.8808422296201,Tokyo_temperature,1642435200000000000
411,2022-01-18 00:00:00,25.838394927215354,Tokyo_temperature,1642464000000000000
412,2022-01-18 08:00:00,26.29717973917325,Tokyo_temperature,1642492800000000000
413,2022-01-18 16:00:00,26.039988777746725,Tokyo_temperature,1642521600000000000
414,2022-01-19 00:00:00,26.52581001681735,Tokyo_temperature,1642550400000000000
415,2022-01-19 08:00:00,26.783472431151306,Tokyo_temperature,1642579200000000000
416,2022-01-19 16:00:00,26.530619776284336,Tokyo_temperature,1642608000000000000
417,2022-01-20 00:00:00,26.496781142071537,Tokyo_temperature,1642636800000000000
418,2022-01-20 08:00:00,26.69995355414005,Tokyo_temperature,1642665600000000000
419,2022-01-20 16:00:00,26.898298524476207,Tokyo_temperature,1642694400000000000
420,2022-01-21 00:00:00,26.71920186319399,Tokyo_temperature,1642723200000000000
421,2022-01-21 08:00:00,27.01291351173875,Tokyo_temperature,1642752000000000000
422,2022-01-21 16:00:00,26.65716360281607,Tokyo_temperature,1642780800000000000
423,2022-01-22 00:00:00,26.66558224146115,Tokyo_temperature,1642809600000000000
424,2022-01-22 08:00:00,26.67419840204296,Tokyo_temperature,1642838400000000000
425,2022-01-22 16:00:00,26.507333236744117,Tokyo_temperature,1642867200000000000
426,2022-01-23 00:00:00,26.28864570072519,Tokyo_temperature,1642896000000000000
427,2022-01-23 08:00:00,25.951248669627716,Tokyo_temperature,1642924800000000000
428,2022-01-23 16:00:00,25.614267751823824,Tokyo_temperature,1642953600000000000
429,2022-01-24 00:00:00,25.135683221405543,Tokyo_temperature,1642982400000000000
430,2022-01-24 08:00:00,25.128708589308793,Tokyo_temperature,1643011200000000000
431,2022-01-24 16:00:00,25.45022848680211,Tokyo_temperature,1643040000000000000
432,2022-01-25 00:00:00,25.724247074702784,Tokyo_temperature,1643068800000000000
433,2022-01-25 08:00:00,26.201181092161306,Tokyo_temperature,1643097600000000000
434,2022-01-25 16:00:00,25.9020615170893,Tokyo_temperature,1643126400000000000
435,2022-01-26 00:00:00,25.44981312467805,Tokyo_temperature,1643155200000000000
436,2022-01-26 08:00:00,25.189581530800154,Tokyo_temperature,1643184000000000000
437,2022-01-26 16:00:00,25.399234150283093,Tokyo_temperature,1643212800000000000
438,2022-01-27 00:00:00,24.963834092833228,Tokyo_temperature,1643241600000000000
439,2022-01-27 08:00:00,24.60339946106587,Tokyo_temperature,1643270400000000000
440,2022-01-27 16:00:00,24.648168907075064,Tokyo_temperature,1643299200000000000
441,2022-01-28 00:00:00,24.966596109554665,Tokyo_temperature,1643328000000000000
442,2022-01-28 08:00:00,25.1785106329692,Tokyo_temperature,1643356800000000000
443,2022-01-28 16:00:00,24.900475802307074,Tokyo_temperature,1643385600000000000
444,2022-01-29 00:00:00,25.065978695571072,Tokyo_temperature,1643414400000000000
445,2022-01-29 08:00:00,24.74712832481537,Tokyo_temperature,1643443200000000000
446,2022-01-29 16:00:00,24.482094662081554,Tokyo_temperature,1643472000000000000
447,2022-01-30 00:00:00,24.786249777995344,Tokyo_temperature,1643500800000000000
448,2022-01-30 08:00:00,24.31575294030613,Tokyo_temperature,1643529600000000000
449,2022-01-30 16:00:00,24.202780370147764,Tokyo_temperature,1643558400000000000
450,2022-01-01 00:00:00,1013.3428210935938,Tokyo_pressure,1640995200000000000
451,2022-01-01 08:00:00,1013.7700613345958,Tokyo_pressure,1641024000000000000
452,2022-01-01 16:00:00,1013.5356162027836,Tokyo_pressure,1641052800000000000
453,2022-01-02 00:00:00,1013.0179473771188,Tokyo_pressure,1641081600000000000
454,2022-01-02 08:00:00,1013.4590810051792,Tokyo_pressure,1641110400000000000
455,2022-01-02 16:00:00,1013.6871787027735,Tokyo_pressure,1641139200000000000
456,2022-01-03 00:00:00,1013.8365671275787,Tokyo_pressure,1641168000000000000
457,2022-01-03 08:00:00,1013.6780422899876,Tokyo_pressure,1641196800000000000
458,2022-01-03 16:00:00,1013.7536219010385,Tokyo_pressure,1641225600000000000
459,2022-01-04 00:00:00,1013.4976775697501,Tokyo_pressure,1641254400000000000
460,2022-01-04 08:00:00,1013.2877814583221,Tokyo_pressure,1641283200000000000
461,2022-01-04 16:00:00,1013.0822920666631,Tokyo_pressure,1641312000000000000
462,2022-01-05 00:00:00,1013.0004336896827,Tokyo_pressure,1641340800000000000
463,2022-01-05 08:00:00,1013.6153445826808,Tokyo_pressure,1641369600000000000
464,2022-01-05 16:00:00,1013.889104139664,Tokyo_pressure,1641398400000000000
465,2022-01-06 00:00:00,1013.6254954456266,Tokyo_pressure,1641427200000000000
466,2022-01-06 08:00:00,1013.5918475113546,Tokyo_pressure,1641456000000000000
467,2022-01-06 16:00:00,1013.5666416669568,Tokyo_pressure,1641484800000000000
468,2022-01-07 00:00:00,1013.5916942861155,Tokyo_pressure,1641513600000000000
469,2022-01-07 08:00:00,1013.1237862160874,Tokyo_pressure,1641542400000000000
470,2022-01-07 16:00:00,1013.1829965734962,Tokyo_pressure,1641571200000000000
471,2022-01-08 00:00:00,1013.2233027943693,Tokyo_pressure,1641600000000000000
472,2022-01-08 08:00:00,1013.2244236330758,Tokyo_pressure,1641628800000000000
473,2022-01-08 16:00:00,1013.5572127138751,Tokyo_pressure,1641657600000000000
474,2022-01-09 00:00:00,1013.8579898354309,Tokyo_pressure,1641686400000000000
475,2022-01-09 08:00:00,1013.8684341581617,Tokyo_pressure,1641715200000000000
476,2022-01-09 16:00:00,1013.4765818555957,Tokyo_pressure,1641744000000000000
477,2022-01-10 00:00:00,1013.5425138691988,Tokyo_pressure,1641772800000000000
478,2022-01-10 08:00:00,1013.6120683351606,Tokyo_pressure,1641801600000000000
479,2022-01-10 16:00:00,1013.5980010877149,Tokyo_pressure,1641830400000000000
480,2022-01-11 00:00:00,1013.8426075966881,Tokyo_pressure,1641859200000000000
481,2022-01-11 08:00:00,1013.9745164613876,Tokyo_pressure,1641888000000000000
482,2022-01-11 16:00:00,1013.0924397778787,Tokyo_pressure,1641916800000000000
483,2022-01-12 00:00:00,1013.505809797552,Tokyo_pressure,1641945600000000000
484,2022-01-12 08:00:00,1013.1877993325992,Tokyo_pressure,1641974400000000000
485,2022-01-12 16:00:00,1013.5716671968216,Tokyo_pressure,1642003200000000000
486,2022-01-13 00:00:00,1013.7812501192865,Tokyo_pressure,1642032000000000000
487,2022-01-13 08:00:00,1013.0820169082286,Tokyo_pressure,1642060800000000000
488,2022-01-13 16:00:00,1013.6614174852003,Tokyo_pressure,1642089600000000000
489,2022-01-14 00:00:00,1013.1844203518442,Tokyo_pressure,1642118400000000000
490,2022-01-14 08:00:00,1013.3424766931042,Tokyo_pressure,1642147200000000000
491,2022-01-14 16:00:00,1013.382591347853,Tokyo_pressure,1642176000000000000
492,2022-01-15 00:00:00,1013.0812066349581,Tokyo_pressure,1642204800000000000
493,2022-01-15 08:00:00,1013.775092106946,Tokyo_pressure,1642233600000000000
494,2022-01-15 16:00:00,1013.3563152331751,Tokyo_pressure,1642262400000000000
495,2022-01-16 00:00:00,1013.2031424554443,Tokyo_pressure,1642291200000000000
496,2022-01-16 08:00:00,1013.5972743958142,Tokyo_pressure,1642320000000000000
497,2022-01-16 16:00:00,1013.5810307319184,Tokyo_pressure,1642348800000000000
498,2022-01-17 00:00:00,1013.3981551282416,Tokyo_pressure,1642377600000000000
499,2022-01-17 08:00:00,1013.0457575877624,Tokyo_pressure,1642406400000000000
500,2022-01-17 16:00:00,1013.5931886522336,Tokyo_pressure,1642435200000000000
501,2022-01-18 00:00:00,1013.8797512726352,Tokyo_pressure,1642464000000000000
502,2022-01-18 08:00:00,1013.2766029272316,Tokyo_pressure,1642492800000000000
503,2022-01-18 16:00:00,1013.7235736343532,Tokyo_pressure,1642521600000000000
504,2022-01-19 00:00:00,1013.4353809498681,Tokyo_pressure,1642550400000000000
505,2022-01-19 08:00:00,1013.1608952862055,Tokyo_pressure,1642579200000000000
506,2022-01-19 16:00:00,1013.6475042258368,Tokyo_pressure,1642608000000000000
507,2022-01-20 00:00:00,1013.5872708110406,Tokyo_pressure,1642636800000000000
508,2022-01-20 08:00:00,1013.0213283813501,Tokyo_pressure,1642665600000000000
509,2022-01-20 16:00:00,1013.0735827350481,Tokyo_pressure,1642694400000000000
510,2022-01-21 00:00:00,1013.2013596476957,Tokyo_pressure,1642723200000000000
511,2022-01-21 08:00:00,1013.7158370936523,Tokyo_pressure,1642752000000000000
512,2022-01-21 16:00:00,1013.9333905417207,Tokyo_pressure,1642780800000000000
513,2022-01-22 00:00:00,1013.8174856259977,Tokyo_pressure,1642809600000000000
514,2022-01-22 08:00:00,1013.2330891299994,Tokyo_pressure,1642838400000000000
515,2022-01-22 16:00:00,1013.0345033209214,Tokyo_pressure,1642867200000000000
516,2022-01-23 00:00:00,1013.3645353441887,Tokyo_pressure,1642896000000000000
517,2022-01-23 08:00:00,1013.9752105800819,Tokyo_pressure,1642924800000000000
518,2022-01-23 16:00:00,1013.0068151758584,Tokyo_pressure,1642953600000000000
519,2022-01-24 00:00:00,1013.6741719768856,Tokyo_pressure,1642982400000000000
520,2022-01-24 08:00:00,1013.3822898669689,Tokyo_pressure,1643011200000000000
521,2022-01-24 16:00:00,1013.8218443485335,Tokyo_pressure,1643040000000000000
522,2022-01-25 00:00:00,1013.1162238707806,Tokyo_pressure,1643068800000000000
523,2022-01-25 08:00:00,1013.8033624457698,Tokyo_pressure,1643097600000000000
524,2022-01-25 16:00:00,1013.1460675784006,Tokyo_pressure,1643126400000000000
525,2022-01-26 00:00:00,1013.1780225684033,Tokyo_pressure,1643155200000000000
526,2022-01-26 08:00:00,1013.7920594583433,Tokyo_pressure,1643184000000000000
527,2022-01-26 16:00:00,1013.111782394446,Tokyo_pressure,1643212800000000000
528,2022-01-27 00:00:00,1013.1773358423437,Tokyo_pressure,1643241600000000000
529,2022-01-27 08:00:00,1013.264198221729,Tokyo_pressure,1643270400000000000
530,2022-01-27 16:00:00,1013.0996104222532,Tokyo_pressure,1643299200000000000
531,2022-01-28 00:00:00,1013.8957349757437,Tokyo_pressure,1643328000000000000
532,2022-01-28 08:00:00,1013.5132045461359,Tokyo_pressure,1643356800000000000
533,2022-01-28 16:00:00,1013.2364305821982,Tokyo_pressure,1643385600000000000
534,2022-01-29 00:00:00,1013.5983292840651,Tokyo_pressure,1643414400000000000
535,2022-01-29 08:00:00,1013.7073130727375,Tokyo_pressure,1643443200000000000
536,2022-01-29 16:00:00,1013.8432598570765,Tokyo_pressure,1643472000000000000
537,2022-01-30 00:00:00,1013.0857059984489,Tokyo_pressure,1643500800000000000
538,2022-01-30 08:00:00,1013.84356280699,Tokyo_pressure,1643529600000000000
539,2022-01-30 16:00:00,1013.6605574107213,Tokyo_pressure,1643558400000000000
540,2022-01-01 00:00:00,31.175409314177422,Austin_temperature,1640995200000000000
541,2022-01-01 08:00:00,31.087458649498984,Austin_temperature,1641024000000000000
542,2022-01-01 16:00:00,30.818080143673072,Austin_temperature,1641052800000000000
543,2022-01-02 00:00:00,31.225263562277284,Austin_temperature,1641081600000000000
544,2022-01-02 08:00:00,31.011877684681338,Austin_temperature,1641110400000000000
545,2022-01-02 16:00:00,30.646717424406166,Austin_temperature,1641139200000000000
546,2022-01-03 00:00:00,30.74400753665789,Austin_temperature,1641168000000000000
547,2022-01-03 08:00:00,30.608627979599945,Austin_temperature,1641196800000000000
548,2022-01-03 16:00:00,30.126698727625953,Austin_temperature,1641225600000000000
549,2022-01-04 00:00:00,29.70251274803905,Austin_temperature,1641254400000000000
550,2022-01-04 08:00:00,30.050559578904988,Austin_temperature,1641283200000000000
551,2022-01-04 16:00:00,29.818700932775727,Austin_temperature,1641312000000000000
552,2022-01-05 00:00:00,30.01222969901535,Austin_temperature,1641340800000000000
553,2022-01-05 08:00:00,29.890063065659852,Austin_temperature,1641369600000000000
554,2022-01-05 16:00:00,29.946456829115462,Austin_temperature,1641398400000000000
555,2022-01-06 00:00:00,29.739140986598404,Austin_temperature,1641427200000000000
556,2022-01-06 08:00:00,29.919141589101187,Austin_temperature,1641456000000000000
557,2022-01-06 16:00:00,29.762845756366897,Austin_temperature,1641484800000000000
558,2022-01-07 00:00:00,29.493965245382658,Austin_temperature,1641513600000000000
559,2022-01-07 08:00:00,29.554304264787753,Austin_temperature,1641542400000000000
560,2022-01-07 16:00:00,29.747066283990325,Austin_temperature,1641571200000000000
561,2022-01-08 00:00:00,29.460123183989875,Austin_temperature,1641600000000000000
562,2022-01-08 08:00:00,29.222390563154047,Austin_temperature,1641628800000000000
563,2022-01-08 16:00:00,29.113515277744895,Austin_temperature,1641657600000000000
564,2022-01-09 00:00:00,28.93656247685098,Austin_temperature,1641686400000000000
565,2022-01-09 08:00:00,29.303980993976822,Austin_temperature,1641715200000000000
566,2022-01-09 16:00:00,29.099916842629767,Austin_temperature,1641744000000000000
567,2022-01-10 00:00:00,29.269155591251373,Austin_temperature,1641772800000000000
568,2022-01-10 08:00:00,29.495079066755885,Austin_temperature,1641801600000000000
569,2022-01-10 16:00:00,29.547375401205,Austin_temperature,1641830400000000000
570,2022-01-11 00:00:00,29.519892149880743,Austin_temperature,1641859200000000000
571,2022-01-11 08:00:00,29.053544978303137,Austin_temperature,1641888000000000000
572,2022-01-11 16:00:00,29.259098585885557,Austin_temperature,1641916800000000000
573,2022-01-12 00:00:00,29.39106678670357,Austin_temperature,1641945600000000000
574,2022-01-12 08:00:00,29.407529266074622,Austin_temperature,1641974400000000000
575,2022-01-12 16:00:00,29.75071991607756,Austin_temperature,1642003200000000000
576,2022-01-13 00:00:00,29.902554428465653,Austin_temperature,1642032000000000000
577,2022-01-13 08:00:00,29.56144662036975,Austin_temperature,1642060800000000000
578,2022-01-13 16:00:00,29.711149985490636,Austin_temperature,1642089600000000000
579,2022-01-14 00:00:00,30.004594572488696,Austin_temperature,1642118400000000000
580,2022-01-14 08:00:00,29.6540763562523,Austin_temperature,1642147200000000000
581,2022-01-14 16:00:00,29.756489733852625,Austin_temperature,1642176000000000000
582,2022-01-15 00:00:00,30.18998863513777,Austin_temperature,1642204800000000000
583,2022-01-15 08:00:00,29.8025211634614,Austin_temperature,1642233600000000000
584,2022-01-15 16:00:00,29.37459959919875,Austin_temperature,1642262400000000000
585,2022-01-16 00:00:00,29.351352694919896,Austin_temperature,1642291200000000000
586,2022-01-16 08:00:00,29.491118243008668,Austin_temperature,1642320000000000000
587,2022-01-16 16:00:00,29.4535480177298,Austin_temperature,1642348800000000000
588,2022-01-17 00:00:00,29.583107791414953,Austin_temperature,1642377600000000000
589,2022-01-17 08:00:00,29.89393738744241,Austin_temperature,1642406400000000000
590,2022-01-17 16:00:00,29.549467947631662,Austin_temperature,1642435200000000000
591,2022-01-18 00:00:00,29.99781781045639,Austin_temperature,1642464000000000000
592,2022-01-18 08:00:00,30.496772028171645,Austin_temperature,1642492800000000000
593,2022-01-18 16:00:00,30.569017166386985,Austin_temperature,1642521600000000000
594,2022-01-19 00:00:00,30.636954493739655,Austin_temperature,1642550400000000000
595,2022-01-19 08:00:00,30.812266495302556,Austin_temperature,1642579200000000000
596,2022-01-19 16:00:00,30.68553921843597,Austin_temperature,1642608000000000000
597,2022-01-20 00:00:00,30.325630063465592,Austin_temperature,1642636800000000000
598,2022-01-20 08:00:00,30.212774386533997,Austin_temperature,1642665600000000000
599,2022-01-20 16:00:00,30.001469077844085,Austin_temperature,1642694400000000000
600,2022-01-21 00:00:00,29.913644553934205,Austin_temperature,1642723200000000000
601,2022-01-21 08:00:00,29.689213596004265,Austin_temperature,1642752000000000000
602,2022-01-21 16:00:00,30.13345011674702,Austin_temperature,1642780800000000000
603,2022-01-22 00:00:00,30.63329323638022,Austin_temperature,1642809600000000000
604,2022-01-22 08:00:00,30.67792528960482,Austin_temperature,1642838400000000000
605,2022-01-22 16:00:00,30.2656739717507,Austin_temperature,1642867200000000000
606,2022-01-23 00:00:00,30.16950850289472,Austin_temperature,1642896000000000000
607,2022-01-23 08:00:00,30.32968280165672,Austin_temperature,1642924800000000000
608,2022-01-23 16:00:00,30.261864053435932,Austin_temperature,1642953600000000000
609,2022-01-24 00:00:00,30.633376030312647,Austin_temperature,1642982400000000000
610,2022-01-24 08:00:00,30.263062725289476,Austin_temperature,1643011200000000000
611,2022-01-24 16:00:00,30.726157066885605,Austin_temperature,1643040000000000000
612,2022-01-25 00:00:00,30.304811947804193,Austin_temperature,1643068800000000000
613,2022-01-25 08:00:00,30.448116786463995,Austin_temperature,1643097600000000000
614,2022-01-25 16:00:00,30.032314222735437,Austin_temperature,1643126400000000000
615,2022-01-26 00:00:00,29.77024139861144,Austin_temperature,1643155200000000000
616,2022-01-26 08:00:00,29.784799889975076,Austin_temperature,1643184000000000000
617,2022-01-26 16:00:00,29.693663956266043,Austin_temperature,1643212800000000000
618,2022-01-27 00:00:00,29.28245808069518,Austin_temperature,1643241600000000000
619,2022-01-27 08:00:00,28.936365951646128,Austin_temperature,1643270400000000000
620,2022-01-27 16:00:00,29.39840391309248,Austin_temperature,1643299200000000000
621,2022-01-28 00:00:00,29.196877206139582,Austin_temperature,1643328000000000000
622,2022-01-28 08:00:00,28.990805890835656,Austin_temperature,1643356800000000000
623,2022-01-28 16:00:00,29.319989424121122,Austin_temperature,1643385600000000000
624,2022-01-29 00:00:00,29.16177973924174,Austin_temperature,1643414400000000000
625,2022-01-29 08:00:00,28.692876839993797,Austin_temperature,1643443200000000000
626,2022-01-29 16:00:00,28.195583420771342,Austin_temperature,1643472000000000000
627,2022-01-30 00:00:00,27.834153841789206,Austin_temperature,1643500800000000000
628,2022-01-30 08:00:00,28.117563228124965,Austin_temperature,1643529600000000000
629,2022-01-30 16:00:00,28.612387971134726,Austin_temperature,1643558400000000000
630,2022-01-01 00:00:00,1013.0534828241165,Austin_pressure,1640995200000000000
631,2022-01-01 08:00:00,1013.1634322751817,Austin_pressure,1641024000000000000
632,2022-01-01 16:00:00,1013.6591278023914,Austin_pressure,1641052800000000000
633,2022-01-02 00:00:00,1013.8430516633379,Austin_pressure,1641081600000000000
634,2022-01-02 08:00:00,1013.1839916086387,Austin_pressure,1641110400000000000
635,2022-01-02 16:00:00,1013.3189377135219,Austin_pressure,1641139200000000000
636,2022-01-03 00:00:00,1013.3511978210007,Austin_pressure,1641168000000000000
637,2022-01-03 08:00:00,1013.0708897124761,Austin_pressure,1641196800000000000
638,2022-01-03 16:00:00,1013.9786451927413,Austin_pressure,1641225600000000000
639,2022-01-04 00:00:00,1013.801966009026,Austin_pressure,1641254400000000000
640,2022-01-04 08:00:00,1013.1828966535247,Austin_pressure,1641283200000000000
641,2022-01-04 16:00:00,1013.7159030542505,Austin_pressure,1641312000000000000
642,2022-01-05 00:00:00,1013.7007986023906,Austin_pressure,1641340800000000000
643,2022-01-05 08:00:00,1013.204371082412,Austin_pressure,1641369600000000000
644,2022-01-05 16:00:00,1013.4987591980963,Austin_pressure,1641398400000000000
645,2022-01-06 00:00:00,1013.5258819774717,Austin_pressure,1641427200000000000
646,2022-01-06 08:00:00,1013.4901390087582,Austin_pressure,1641456000000000000
647,2022-01-06 16:00:00,1013.7645170876813,Austin_pressure,1641484800000000000
648,2022-01-07 00:00:00,1013.6351641853394,Austin_pressure,1641513600000000000
649,2022-01-07 08:00:00,1013.3650836900902,Austin_pressure,1641542400000000000
650,2022-01-07 16:00:00,1013.2819943741143,Austin_pressure,1641571200000000000
651,2022-01-08 00:00:00,1013.7594935172092,Austin_pressure,1641600000000000000
652,2022-01-08 08:00:00,1013.2591023191657,Austin_pressure,1641628800000000000
653,2022-01-08 16:00:00,1013.237206931884,Austin_pressure,1641657600000000000
654,2022-01-09 00:00:00,1013.4160806711922,Austin_pressure,1641686400000000000
655,2022-01-09 08:00:00,1013.5252494794013,Austin_pressure,1641715200000000000
656,2022-01-09 16:00:00,1013.1373405152876,Austin_pressure,1641744000000000000
657,2022-01-10 00:00:00,1013.178535262503,Austin_pressure,1641772800000000000
658,2022-01-10 08:00:00,1013.6938623963505,Austin_pressure,1641801600000000000
659,2022-01-10 16:00:00,1013.0731840681066,Austin_pressure,1641830400000000000
660,2022-01-11 00:00:00,1013.0392441610988,Austin_pressure,1641859200000000000
661,2022-01-11 08:00:00,1013.1292407567906,Austin_pressure,1641888000000000000
662,2022-01-11 16:00:00,1013.7333737835366,Austin_pressure,1641916800000000000
663,2022-01-12 00:00:00,1013.8020359567741,Austin_pressure,1641945600000000000
664,2022-01-12 08:00:00,1013.6427189837863,Austin_pressure,1641974400000000000
665,2022-01-12 16:00:00,1013.8291448049721,Austin_pressure,1642003200000000000
666,2022-01-13 00:00:00,1013.5101145435615,Austin_pressure,1642032000000000000
667,2022-01-13 08:00:00,1013.1173639923845,Austin_pressure,1642060800000000000
668,2022-01-13 16:00:00,1013.1033337024594,Austin_pressure,1642089600000000000
669,2022-01-14 00:00:00,1013.4806985344736,Austin_pressure,1642118400000000000
670,2022-01-14 08:00:00,1013.3785078937665,Austin_pressure,1642147200000000000
671,2022-01-14 16:00:00,1013.0825028012252,Austin_pressure,1642176000000000000
672,2022-01-15 00:00:00,1013.6881983776813,Austin_pressure,1642204800000000000
673,2022-01-15 08:00:00,1013.4544344757885,Austin_pressure,1642233600000000000
674,2022-01-15 16:00:00,1013.3868863557229,Austin_pressure,1642262400000000000
675,2022-01-16 00:00:00,1013.0580057631079,Austin_pressure,1642291200000000000
676,2022-01-16 08:00:00,1013.1381946236406,Austin_pressure,1642320000000000000
677,2022-01-16 16:00:00,1013.2678245750299,Austin_pressure,1642348800000000000
678,2022-01-17 00:00:00,1013.2683462041307,Austin_pressure,1642377600000000000
679,2022-01-17 08:00:00,1013.4787057066196,Austin_pressure,1642406400000000000
680,2022-01-17 16:00:00,1013.5328450062798,Austin_pressure,1642435200000000000
681,2022-01-18 00:00:00,1013.5612542108989,Austin_pressure,1642464000000000000
682,2022-01-18 08:00:00,1013.8452438683843,Austin_pressure,1642492800000000000
683,2022-01-18 16:00:00,1013.4353463708003,Austin_pressure,1642521600000000000
684,2022-01-19 00:00:00,1013.5948722036852,Austin_pressure,1642550400000000000
685,2022-01-19 08:00:00,1013.9748738547513,Austin_pressure,1642579200000000000
686,2022-01-19 16:00:00,1013.0930637662358,Austin_pressure,1642608000000000000
687,2022-01-20 00:00:00,1013.4756299308616,Austin_pressure,1642636800000000000
688,2022-01-20 08:00:00,1013.9156298308617,Austin_pressure,1642665600000000000
689,2022-01-20 16:00:00,1013.7666691752775,Austin_pressure,1642694400000000000
690,2022-01-21 00:00:00,1013.0953706427752,Austin_pressure,1642723200000000000
691,2022-01-21 08:00:00,1013.2118990667902,Austin_pressure,1642752000000000000
692,2022-01-21 16:00:00,1013.2741614711189,Austin_pressure,1642780800000000000
693,2022-01-22 00:00:00,1013.5120903349333,Austin_pressure,1642809600000000000
694,2022-01-22 08:00:00,1013.5538549786116,Austin_pressure,1642838400000000000
695,2022-01-22 16:00:00,1013.3025363263285,Austin_pressure,1642867200000000000
696,2022-01-23 00:00:00,1013.8400603530711,Austin_pressure,1642896000000000000
697,2022-01-23 08:00:00,1013.6875766225925,Austin_pressure,1642924800000000000
698,2022-01-23 16:00:00,1013.2517642172476,Austin_pressure,1642953600000000000
699,2022-01-24 00:00:00,1013.6511593881238,Austin_pressure,1642982400000000000
700,2022-01-24 08:00:00,1013.296063492271,Austin_pressure,1643011200000000000
701,2022-01-24 16:00:00,1013.8612774683082,Austin_pressure,1643040000000000000
702,2022-01-25 00:00:00,1013.9895782776401,Austin_pressure,1643068800000000000
703,2022-01-25 08:00:00,1013.763312806825,Austin_pressure,1643097600000000000
704,2022-01-25 16:00:00,1013.5664174296268,Austin_pressure,1643126400000000000
705,2022-01-26 00:00:00,1013.4030878883577,Austin_pressure,1643155200000000000
706,2022-01-26 08:00:00,1013.480419480756,Austin_pressure,1643184000000000000
707,2022-01-26 16:00:00,1013.6054810863059,Austin_pressure,1643212800000000000
708,2022-01-27 00:00:00,1013.203435105632,Austin_pressure,1643241600000000000
709,2022-01-27 08:00:00,1013.2527727427243,Austin_pressure,1643270400000000000
710,2022-01-27 16:00:00,1013.5573586419819,Austin_pressure,1643299200000000000
711,2022-01-28 00:00:00,1013.5101305700688,Austin_pressure,1643328000000000000
712,2022-01-28 08:00:00,1013.522310585007,Austin_pressure,1643356800000000000
713,2022-01-28 16:00:00,1013.0757330718508,Austin_pressure,1643385600000000000
714,2022-01-29 00:00:00,1013.3029740152089,Austin_pressure,1643414400000000000
715,2022-01-29 08:00:00,1013.6832557255133,Austin_pressure,1643443200000000000
716,2022-01-29 16:00:00,1013.6232741475044,Austin_pressure,1643472000000000000
717,2022-01-30 00:00:00,1013.6956053748835,Austin_pressure,1643500800000000000
718,2022-01-30 08:00:00,1013.5606974625144,Austin_pressure,1643529600000000000
719,2022-01-30 16:00:00,1013.0840634904808,Austin_pressure,1643558400000000000
720,2022-01-01 00:00:00,38.37301410236409,Houston_temperature,1640995200000000000
721,2022-01-01 08:00:00,38.300318565503865,Houston_temperature,1641024000000000000
722,2022-01-01 16:00:00,38.58277225375295,Houston_temperature,1641052800000000000
723,2022-01-02 00:00:00,38.270638421133356,Houston_temperature,1641081600000000000
724,2022-01-02 08:00:00,38.12590669965377,Houston_temperature,1641110400000000000
725,2022-01-02 16:00:00,38.60178245840694,Houston_temperature,1641139200000000000
726,2022-01-03 00:00:00,38.807456010823486,Houston_temperature,1641168000000000000
727,2022-01-03 08:00:00,38.63773597854925,Houston_temperature,1641196800000000000
728,2022-01-03 16:00:00,38.82512526039304,Houston_temperature,1641225600000000000
729,2022-01-04 00:00:00,38.951662145243034,Houston_temperature,1641254400000000000
730,2022-01-04 08:00:00,39.24776496829265,Houston_temperature,1641283200000000000
731,2022-01-04 16:00:00,39.37635826854427,Houston_temperature,1641312000000000000
732,2022-01-05 00:00:00,39.2972657140688,Houston_temperature,1641340800000000000
733,2022-01-05 08:00:00,38.95953501380198,Houston_temperature,1641369600000000000
734,2022-01-05 16:00:00,38.64203484284947,Houston_temperature,1641398400000000000
735,2022-01-06 00:00:00,39.02371163191578,Houston_temperature,1641427200000000000
736,2022-01-06 08:00:00,38.91626663392735,Houston_temperature,1641456000000000000
737,2022-01-06 16:00:00,38.67279097463851,Houston_temperature,1641484800000000000
738,2022-01-07 00:00:00,38.85015410678438,Houston_temperature,1641513600000000000
739,2022-01-07 08:00:00,38.84927890070625,Houston_temperature,1641542400000000000
740,2022-01-07 16:00:00,39.14784276866346,Houston_temperature,1641571200000000000
741,2022-01-08 00:00:00,39.55710922756855,Houston_temperature,1641600000000000000
742,2022-01-08 08:00:00,39.1163051023533,Houston_temperature,1641628800000000000
743,2022-01-08 16:00:00,38.649290956964784,Houston_temperature,1641657600000000000
744,2022-01-09 00:00:00,38.65856356002255,Houston_temperature,1641686400000000000
745,2022-01-09 08:00:00,38.761264140859815,Houston_temperature,1641715200000000000
746,2022-01-09 16:00:00,38.71133071897987,Houston_temperature,1641744000000000000
747,2022-01-10 00:00:00,38.779696294747126,Houston_temperature,1641772800000000000
748,2022-01-10 08:00:00,38.675320344370355,Houston_temperature,1641801600000000000
749,2022-01-10 16:00:00,38.86123144055467,Houston_temperature,1641830400000000000
750,2022-01-11 00:00:00,38.6659046439616,Houston_temperature,1641859200000000000
751,2022-01-11 08:00:00,38.56572725903389,Houston_temperature,1641888000000000000
752,2022-01-11 16:00:00,38.1342081586478,Houston_temperature,1641916800000000000
753,2022-01-12 00:00:00,38.06315370128814,Houston_temperature,1641945600000000000
754,2022-01-12 08:00:00,38.32303397853275,Houston_temperature,1641974400000000000
755,2022-01-12 16:00:00,37.86976558074825,Houston_temperature,1642003200000000000
756,2022-01-13 00:00:00,38.18516107272946,Houston_temperature,1642032000000000000
757,2022-01-13 08:00:00,37.918480480869256,Houston_temperature,1642060800000000000
758,2022-01-13 16:00:00,38.181248890802905,Houston_temperature,1642089600000000000
759,2022-01-14 00:00:00,37.86580730900473,Houston_temperature,1642118400000000000
760,2022-01-14 08:00:00,37.85444940394705,Houston_temperature,1642147200000000000
761,2022-01-14 16:00:00,38.04423703039286,Houston_temperature,1642176000000000000
762,2022-01-15 00:00:00,37.64786421872064,Houston_temperature,1642204800000000000
763,2022-01-15 08:00:00,37.45029092741345,Houston_temperature,1642233600000000000
764,2022-01-15 16:00:00,37.63678230411813,Houston_temperature,1642262400000000000
765,2022-01-16 00:00:00,37.729241609454235,Houston_temperature,1642291200000000000
766,2022-01-16 08:00:00,37.345940325764026,Houston_temperature,1642320000000000000
767,2022-01-16 16:00:00,37.82879326100063,Houston_temperature,1642348800000000000
768,2022-01-17 00:00:00,37.61886425117518,Houston_temperature,1642377600000000000
769,2022-01-17 08:00:00,37.79727699484521,Houston_temperature,1642406400000000000
770,2022-01-17 16:00:00,38.17648175941542,Houston_temperature,1642435200000000000
771,2022-01-18 00:00:00,38.60549233567378,Houston_temperature,1642464000000000000
772,2022-01-18 08:00:00,39.078355370685074,Houston_temperature,1642492800000000000
773,2022-01-18 16:00:00,39.38270357473432,Houston_temperature,1642521600000000000
774,2022-01-19 00:00:00,39.71555336104205,Houston_temperature,1642550400000000000
775,2022-01-19 08:00:00,39.47339410808174,Houston_temperature,1642579200000000000
776,2022-01-19 16:00:00,39.96146859633126,Houston_temperature,1642608000000000000
777,2022-01-20 00:00:00,40.03441958335266,Houston_temperature,1642636800000000000
778,2022-01-20 08:00:00,39.73972511641099,Houston_temperature,1642665600000000000
779,2022-01-20 16:00:00,40.05269066454629,Houston_temperature,1642694400000000000
780,2022-01-21 00:00:00,39.66281498341372,Houston_temperature,1642723200000000000
781,2022-01-21 08:00:00,39.63873387436297,Houston_temperature,1642752000000000000
782,2022-01-21 16:00:00,39.28910805913931,Houston_temperature,1642780800000000000
783,2022-01-22 00:00:00,39.78789903297451,Houston_temperature,1642809600000000000
784,2022-01-22 08:00:00,40.00864953802863,Houston_temperature,1642838400000000000
785,2022-01-22 16:00:00,39.79755173808893,Houston_temperature,1642867200000000000
786,2022-01-23 00:00:00,39.35279933637473,Houston_temperature,1642896000000000000
787,2022-01-23 08:00:00,39.66142779725743,Houston_temperature,1642924800000000000
788,2022-01-23 16:00:00,39.968902326462626,Houston_temperature,1642953600000000000
789,2022-01-24 00:00:00,40.05766394688313,Houston_temperature,1642982400000000000
790,2022-01-24 08:00:00,40.155086783932354,Houston_temperature,1643011200000000000
791,2022-01-24 16:00:00,40.26624052307977,Houston_temperature,1643040000000000000
792,2022-01-25 00:00:00,40.65212297333685,Houston_temperature,1643068800000000000
793,2022-01-25 08:00:00,40.22831181733793,Houston_temperature,1643097600000000000
794,2022-01-25 16:00:00,40.04159131435177,Houston_temperature,1643126400000000000
795,2022-01-26 00:00:00,40.18203219227243,Houston_temperature,1643155200000000000
796,2022-01-26 08:00:00,40.54851439429144,Houston_temperature,1643184000000000000
797,2022-01-26 16:00:00,40.76711102619,Houston_temperature,1643212800000000000
798,2022-01-27 00:00:00,40.981795004363406,Houston_temperature,1643241600000000000
799,2022-01-27 08:00:00,41.35638807752959,Houston_temperature,1643270400000000000
800,2022-01-27 16:00:00,41.189224280700905,Houston_temperature,1643299200000000000
801,2022-01-28 00:00:00,40.87620646935983,Houston_temperature,1643328000000000000
802,2022-01-28 08:00:00,41.046321240316296,Houston_temperature,1643356800000000000
803,2022-01-28 16:00:00,41.13506913491472,Houston_temperature,1643385600000000000
804,2022-01-29 00:00:00,40.98441478238954,Houston_temperature,1643414400000000000
805,2022-01-29 08:00:00,40.90962996958176,Houston_temperature,1643443200000000000
806,2022-01-29 16:00:00,40.460377902365366,Houston_temperature,1643472000000000000
807,2022-01-30 00:00:00,40.238192691517916,Houston_temperature,1643500800000000000
808,2022-01-30 08:00:00,39.992132596175864,Houston_temperature,1643529600000000000
809,2022-01-30 16:00:00,39.93975010102998,Houston_temperature,1643558400000000000
810,2022-01-01 00:00:00,1013.9965930585442,Houston_pressure,1640995200000000000
811,2022-01-01 08:00:00,1013.4738544363832,Houston_pressure,1641024000000000000
812,2022-01-01 16:00:00,1013.1318478952381,Houston_pressure,1641052800000000000
813,2022-01-02 00:00:00,1013.3557687349231,Houston_pressure,1641081600000000000
814,2022-01-02 08:00:00,1013.1193111753059,Houston_pressure,1641110400000000000
815,2022-01-02 16:00:00,1013.1143963577241,Houston_pressure,1641139200000000000
816,2022-01-03 00:00:00,1013.1898683286443,Houston_pressure,1641168000000000000
817,2022-01-03 08:00:00,1013.1802561716862,Houston_pressure,1641196800000000000
818,2022-01-03 16:00:00,1013.6268030829197,Houston_pressure,1641225600000000000
819,2022-01-04 00:00:00,1013.0453173349279,Houston_pressure,1641254400000000000
820,2022-01-04 08:00:00,1013.8502682356627,Houston_pressure,1641283200000000000
821,2022-01-04 16:00:00,1013.333461958686,Houston_pressure,1641312000000000000
822,2022-01-05 00:00:00,1013.0143111487729,Houston_pressure,1641340800000000000
823,2022-01-05 08:00:00,1013.2013109393807,Houston_pressure,1641369600000000000
824,2022-01-05 16:00:00,1013.8223781666815,Houston_pressure,1641398400000000000
825,2022-01-06 00:00:00,1013.6483673809719,Houston_pressure,1641427200000000000
826,2022-01-06 08:00:00,1013.0061987488338,Houston_pressure,1641456000000000000
827,2022-01-06 16:00:00,1013.6112642168565,Houston_pressure,1641484800000000000
828,2022-01-07 00:00:00,1013.7404421065105,Houston_pressure,1641513600000000000
829,2022-01-07 08:00:00,1013.5440391518484,Houston_pressure,1641542400000000000
830,2022-01-07 16:00:00,1013.6577844679633,Houston_pressure,1641571200000000000
831,2022-01-08 00:00:00,1013.7697674589184,Houston_pressure,1641600000000000000
832,2022-01-08 08:00:00,1013.1719325137054,Houston_pressure,1641628800000000000
833,2022-01-08 16:00:00,1013.2039206224855,Houston_pressure,1641657600000000000
834,2022-01-09 00:00:00,1013.1068405476033,Houston_pressure,1641686400000000000
835,2022-01-09 08:00:00,1013.19070584583,Houston_pressure,1641715200000000000
836,2022-01-09 16:00:00,1013.4510839678716,Houston_pressure,1641744000000000000
837,2022-01-10 00:00:00,1013.6081810089725,Houston_pressure,1641772800000000000
838,2022-01-10 08:00:00,1013.3643455727623,Houston_pressure,1641801600000000000
839,2022-01-10 16:00:00,1013.8183856914908,Houston_pressure,1641830400000000000
840,2022-01-11 00:00:00,1013.8608974131491,Houston_pressure,1641859200000000000
841,2022-01-11 08:00:00,1013.4582067636687,Houston_pressure,1641888000000000000
842,2022-01-11 16:00:00,1013.4986391002536,Houston_pressure,1641916800000000000
843,2022-01-12 00:00:00,1013.4528211122037,Houston_pressure,1641945600000000000
844,2022-01-12 08:00:00,1013.0161657515425,Houston_pressure,1641974400000000000
845,2022-01-12 16:00:00,1013.3088338922784,Houston_pressure,1642003200000000000
846,2022-01-13 00:00:00,1013.800383636386,Houston_pressure,1642032000000000000
847,2022-01-13 08:00:00,1013.9024717656013,Houston_pressure,1642060800000000000
848,2022-01-13 16:00:00,1013.4391268989341,Houston_pressure,1642089600000000000
849,2022-01-14 00:00:00,1013.4969148394998,Houston_pressure,1642118400000000000
850,2022-01-14 08:00:00,1013.0052786904602,Houston_pressure,1642147200000000000
851,2022-01-14 16:00:00,1013.6052518630823,Houston_pressure,1642176000000000000
852,2022-01-15 00:00:00,1013.3302081024567,Houston_pressure,1642204800000000000
853,2022-01-15 08:00:00,1013.6050908915163,Houston_pressure,1642233600000000000
854,2022-01-15 16:00:00,1013.2110085845751,Houston_pressure,1642262400000000000
855,2022-01-16 00:00:00,1013.7000205496962,Houston_pressure,1642291200000000000
856,2022-01-16 08:00:00,1013.3921417836212,Houston_pressure,1642320000000000000
857,2022-01-16 16:00:00,1013.1879908941899,Houston_pressure,1642348800000000000
858,2022-01-17 00:00:00,1013.5016861516731,Houston_pressure,1642377600000000000
859,2022-01-17 08:00:00,1013.7056606979245,Houston_pressure,1642406400000000000
860,2022-01-17 16:00:00,1013.5935496825232,Houston_pressure,1642435200000000000
861,2022-01-18 00:00:00,1013.1860468763168,Houston_pressure,1642464000000000000
862,2022-01-18 08:00:00,1013.124512456722,Houston_pressure,1642492800000000000
863,2022-01-18 16:00:00,1013.3177828167891,Houston_pressure,1642521600000000000
864,2022-01-19 00:00:00,1013.6090793315187,Houston_pressure,1642550400000000000
865,2022-01-19 08:00:00,1013.1989897406863,Houston_pressure,1642579200000000000
866,2022-01-19 16:00:00,1013.1762156432146,Houston_pressure,1642608000000000000
867,2022-01-20 00:00:00,1013.4912797618682,Houston_pressure,1642636800000000000
868,2022-01-20 08:00:00,1013.6241893027279,Houston_pressure,1642665600000000000
869,2022-01-20 16:00:00,1013.5078386597283,Houston_pressure,1642694400000000000
870,2022-01-21 00:00:00,1013.041623642703,Houston_pressure,1642723200000000000
871,2022-01-21 08:00:00,1013.1184507588374,Houston_pressure,1642752000000000000
872,2022-01-21 16:00:00,1013.5817318659065,Houston_pressure,1642780800000000000
873,2022-01-22 00:00:00,1013.1283725643967,Houston_pressure,1642809600000000000
874,2022-01-22 08:00:00,1013.1053116435163,Houston_pressure,1642838400000000000
875,2022-01-22 16:00:00,1013.3358605769048,Houston_pressure,1642867200000000000
876,2022-01-23 00:00:00,1013.1391922286712,Houston_pressure,1642896000000000000
877,2022-01-23 08:00:00,1013.5378787835776,Houston_pressure,1642924800000000000
878,2022-01-23 16:00:00,1013.7532112419663,Houston_pressure,1642953600000000000
879,2022-01-24 00:00:00,1013.1621260738814,Houston_pressure,1642982400000000000
880,2022-01-24 08:00:00,1013.199090743728,Houston_pressure,1643011200000000000
881,2022-01-24 16:00:00,1013.7381785474345,Houston_pressure,1643040000000000000
882,2022-01-25 00:00:00,1013.4716581270219,Houston_pressure,1643068800000000000
883,2022-01-25 08:00:00,1013.9881200898388,Houston_pressure,1643097600000000000
884,2022-01-25 16:00:00,1013.1911882484255,Houston_pressure,1643126400000000000
885,2022-01-26 00:00:00,1013.9554284938088,Houston_pressure,1643155200000000000
886,2022-01-26 08:00:00,1013.0440707850536,Houston_pressure,1643184000000000000
887,2022-01-26 16:00:00,1013.3031054274197,Houston_pressure,1643212800000000000
888,2022-01-27 00:00:00,1013.8107679381743,Houston_pressure,1643241600000000000
889,2022-01-27 08:00:00,1013.311644027095,Houston_pressure,1643270400000000000
890,2022-01-27 16:00:00,1013.44160456493,Houston_pressure,1643299200000000000
891,2022-01-28 00:00:00,1013.7714360296179,Houston_pressure,1643328000000000000
892,2022-01-28 08:00:00,1013.1763917026574,Houston_pressure,1643356800000000000
893,2022-01-28 16:00:00,1013.1233419005723,Houston_pressure,1643385600000000000
894,2022-01-29 00:00:00,1013.0080349826078,Houston_pressure,1643414400000000000
895,2022-01-29 08:00:00,1013.2546098491146,Houston_pressure,1643443200000000000
896,2022-01-29 16:00:00,1013.7571652396986,Houston_pressure,1643472000000000000
897,2022-01-30 00:00:00,1013.203430764249,Houston_pressure,1643500800000000000
898,2022-01-30 08:00:00,1013.5896326846922,Houston_pressure,1643529600000000000
899,2022-01-30 16:00:00,1013.9603090088953,Houston_pressure,1643558400000000000
